{
  "-1": {
    "node_sequence": [[0, 0], [-1, 0]],
    "prim_type": "reverse",
    "grid_size": 10,
    "start_v": 0,
    "end_v": 0,
    "assm": 2.730174518127961,
    "guart": 0.5296237328741152,
    "all_test_info": [
      2.730174518127961,
      999.0,
      0.5296237328741152
    ]
  },
  "0": {
    "node_sequence": [[0, 0], [1, 0]],
    "prim_type": "forward",
    "grid_size": 10,
    "start_v": 0,
    "end_v": 0,
    "assm": 2.730174518127961,
    "guart": 0.5296237328741152,
    "all_test_info": [
      2.730174518127961,
      999.0,
      0.5296237328741152
    ]
  },
  "1": {
    "node_sequence": [[0, 0], [1, 0], [2, -1], [3, -1]],
    "prim_type": "forward",
    "grid_size": 10,
    "start_v": 0,
    "end_v": 0,
    "assm": 3.1947179750584196,
    "guart": 0.6039733519585504,
    "all_test_info": [
      3.1947179750584196,
      999.0,
      0.6039733519585504
    ]
  },
  "2": {
    "node_sequence": [[0, 0], [1, 0], [2, 1], [3, 1]],
    "prim_type": "forward",
    "grid_size": 10,
    "start_v": 0,
    "end_v": 0,
    "assm": 2.9600269611982193,
    "guart": 0.6854793141852606,
    "all_test_info": [
      2.9600269611982193,
      999.0,
      0.6854793141852606
    ]
  },
  "3": {
    "node_sequence": [[0, 0], [1, 0], [2, -1], [2, -2]],
    "prim_type": "forward",
    "grid_size": 10,
    "start_v": 0,
    "end_v": 0,
    "assm": 2.946945375575089,
    "guart": 0.5071482908799032,
    "all_test_info": [
      2.946945375575089,
      5.600000000000002,
      0.5071482908799032
    ]
  },
  "4": {
    "node_sequence": [[0, 0], [1, 0], [2, 1], [2, 2]],
    "prim_type": "forward",
    "grid_size": 10,
    "start_v": 0,
    "end_v": 0,
    "assm": 2.9529104574295957,
    "guart": 0.7179876356918411,
    "all_test_info": [
      2.9529104574295957,
      999.0,
      0.7179876356918411
    ]
  },
  "5": {
    "node_sequence": [[0, 0], [1, 0]],
    "prim_type": "forward",
    "grid_size": 10,
    "start_v": 0,
    "end_v": 10,
    "assm": 2.771060298574731,
    "guart": 1.0150240121793508,
    "all_test_info": [
      2.771060298574731,
      4.800000000000002,
      1.0150240121793508
    ]
  },
  "6": {
    "node_sequence": [[0, 0], [1, 0], [2, -1], [3, -1]],
    "prim_type": "forward",
    "grid_size": 10,
    "start_v": 0,
    "end_v": 10,
    "assm": 2.9958146609905723,
    "guart": 1.187321100425719,
    "all_test_info": [
      2.9958146609905723,
      5.200000000000002,
      1.187321100425719
    ]
  },
  "7": {
    "node_sequence": [[0, 0], [1, 0], [2, 1], [3, 1]],
    "prim_type": "forward",
    "grid_size": 10,
    "start_v": 0,
    "end_v": 10,
    "assm": 2.654892321503462,
    "guart": 1.0783286235294025,
    "all_test_info": [
      2.654892321503462,
      5.000000000000002,
      1.0783286235294025
    ]
  },
  "8": {
    "node_sequence": [[0, 0], [1, 0], [2, -1], [2, -2]],
    "prim_type": "forward",
    "grid_size": 10,
    "start_v": 0,
    "end_v": 10,
    "assm": 2.468691934613473,
    "guart": 1.1684365223045305,
    "all_test_info": [
      2.468691934613473,
      5.000000000000002,
      1.1684365223045305
    ]
  },
  "9": {
    "node_sequence": [[0, 0], [1, 0], [2, 1], [2, 2]],
    "prim_type": "forward",
    "grid_size": 10,
    "start_v": 0,
    "end_v": 10,
    "assm": 3.0712091487423554,
    "guart": 1.1053176361027377,
    "all_test_info": [
      3.0712091487423554,
      4.800000000000002,
      1.1053176361027377
    ]
  },
  "10": {
    "node_sequence": [[0, 0], [1, 0]],
    "prim_type": "forward",
    "grid_size": 10,
    "start_v": 10,
    "end_v": 0,
    "assm": 2.770525158412713,
    "guart": 0.43332719330960906,
    "all_test_info": [
      2.770525158412713,
      4.000000000000001,
      0.43332719330960906
    ]
  },
  "11": {
    "node_sequence": [[0, 0], [1, 0], [2, -1], [3, -1]],
    "prim_type": "forward",
    "grid_size": 10,
    "start_v": 10,
    "end_v": 0,
    "assm": 3.397514451756727,
    "guart": 0.5812877012246122,
    "all_test_info": [
      3.397514451756727,
      999.0,
      0.5812877012246122
    ]
  },
  "12": {
    "node_sequence": [[0, 0], [1, 0], [2, 1], [3, 1]],
    "prim_type": "forward",
    "grid_size": 10,
    "start_v": 10,
    "end_v": 0,
    "assm": 3.275513793339767,
    "guart": 0.5135220268209858,
    "all_test_info": [
      3.275513793339767,
      4.000000000000001,
      0.5135220268209858
    ]
  },
  "13": {
    "node_sequence": [[0, 0], [1, 0], [2, -1], [2, -2]],
    "prim_type": "forward",
    "grid_size": 10,
    "start_v": 10,
    "end_v": 0,
    "assm": 3.1233673682088643,
    "guart": 0.39062929765438076,
    "all_test_info": [
      3.1233673682088643,
      3.800000000000001,
      0.39062929765438076
    ]
  },
  "14": {
    "node_sequence": [[0, 0], [1, 0], [2, 1], [2, 2]],
    "prim_type": "forward",
    "grid_size": 10,
    "start_v": 10,
    "end_v": 0,
    "assm": 3.7439592048396695,
    "guart": 0.44523762219328233,
    "all_test_info": [
      3.7439592048396695,
      7.200000000000004,
      0.44523762219328233
    ]
  },
  "15": {
    "node_sequence": [[0, 0], [1, 0]],
    "prim_type": "forward",
    "grid_size": 10,
    "start_v": 10,
    "end_v": 10,
    "assm": 2.6356803875864845,
    "guart": 1.1170380912780782,
    "all_test_info": [
      2.6356803875864845,
      3.0000000000000004,
      1.1170380912780782
    ]
  },
  "16": {
    "node_sequence": [[0, 0], [1, 0], [2, -1], [3, -1]],
    "prim_type": "forward",
    "grid_size": 10,
    "start_v": 10,
    "end_v": 10,
    "assm": 5.104216914134341,
    "guart": 2.133142862565424,
    "all_test_info": [
      5.104216914134341,
      3.2000000000000006,
      2.133142862565424
    ]
  },
  "17": {
    "node_sequence": [[0, 0], [1, 0], [2, 1], [3, 1]],
    "prim_type": "forward",
    "grid_size": 10,
    "start_v": 10,
    "end_v": 10,
    "assm": 2.7332871495782167,
    "guart": 1.0311214654411611,
    "all_test_info": [
      2.7332871495782167,
      3.0000000000000004,
      1.0311214654411611
    ]
  },
  "18": {
    "node_sequence": [[0, 0], [1, 0], [2, -1], [2, -2]],
    "prim_type": "forward",
    "grid_size": 10,
    "start_v": 10,
    "end_v": 10,
    "assm": 3.1020801322269205,
    "guart": 1.1900683266439613,
    "all_test_info": [
      3.1020801322269205,
      3.0000000000000004,
      1.1900683266439613
    ]
  },
  "19": {
    "node_sequence": [[0, 0], [1, 0], [2, 1], [2, 2]],
    "prim_type": "forward",
    "grid_size": 10,
    "start_v": 10,
    "end_v": 10,
    "assm": 3.599854643056156,
    "guart": 1.1365753996863543,
    "all_test_info": [
      3.599854643056156,
      2.8000000000000003,
      1.1365753996863543
    ]
  }
}
